length_of_association,Income,total_amount_spend
101,58138.0,1441.0
83,46344.0,20.0
89,71613.0,713.0
83,26646.0,45.0
84,58293.0,380.0
89,62513.0,660.0
99,55635.0,514.0
93,33454.0,145.0
92,30351.0,41.0
82,18985.5,35.0
99,18985.5,44.0
86,63033.0,960.0
86,59354.0,291.0
100,18985.5,40.0
98,82800.0,1202.0
97,41850.0,79.0
101,37760.0,277.0
94,76995.0,1590.0
99,33812.0,70.0
102,37040.0,230.0
97,18985.5,1644.0
97,58607.0,953.0
84,65324.0,507.0
94,40689.0,339.0
97,18985.5,50.0
92,53359.0,210.0
92,38360.0,100.0
86,84130.0,1606.0
80,18985.5,24.0
93,38620.0,207.0
100,40548.0,117.0
99,46610.0,237.0
95,68657.0,1106.0
89,49389.0,61.0
85,67353.0,870.0
89,23718.0,38.0
83,42429.0,63.0
96,48948.0,811.0
93,80011.0,1115.0
95,20559.0,46.0
97,21994.0,18.0
88,18985.5,17.0
79,79941.0,780.0
99,18985.5,50.0
92,41728.0,37.0
99,72550.0,1243.0
80,65486.0,426.0
102,79143.0,1494.0
97,35790.0,68.0
79,82582.0,1336.0
91,66373.0,473.0
98,82384.0,1644.0
94,70287.0,933.0
81,27938.0,23.0
83,55954.0,475.0
91,75777.0,1345.0
101,66653.0,588.0
95,61823.0,701.0
92,67680.0,594.0
86,70666.0,924.0
92,25721.0,16.0
80,32474.0,16.0
82,84130.0,1212.0
88,69096.0,462.0
94,74854.0,1460.0
101,66991.0,1181.0
94,65031.0,740.0
94,60631.0,636.0
81,28332.0,41.0
97,40246.0,16.0
101,75251.0,1644.0
100,75825.0,1644.0
89,26326.0,16.0
97,56046.0,641.0
101,29760.0,143.0
91,26304.0,16.0
91,23559.0,56.0
93,38620.0,207.0
83,81361.0,637.0
89,29440.0,49.0
90,36138.0,146.0
80,50388.0,335.0
80,79593.0,1088.0
84,54178.0,187.0
82,42394.0,27.0
80,23626.0,43.0
80,30096.0,31.0
98,47916.0,531.0
94,51813.0,60.0
86,78497.0,755.0
91,50150.0,338.0
90,47823.0,61.0
82,34554.0,50.0
93,84130.0,926.0
92,65846.0,999.0
80,84130.0,1033.0
85,24594.0,20.0
88,49096.0,179.0
96,52413.0,747.0
97,38557.0,114.0
98,84130.0,785.0
87,77298.0,855.0
99,68126.0,1644.0
79,57288.0,548.0
97,84130.0,688.0
98,43974.0,479.0
88,50785.0,86.0
84,84130.0,1609.0
95,36550.0,354.0
91,30753.0,42.0
86,21918.0,25.0
91,56129.0,540.0
83,32557.0,66.0
89,19510.0,19.0
93,30992.0,38.0
95,84130.0,895.0
95,71488.0,359.0
93,79607.0,1644.0
79,54348.0,86.0
80,77376.0,637.0
88,62998.0,316.0
95,61331.0,586.0
83,73448.0,554.0
89,41551.0,256.0
94,62981.0,1438.0
102,18985.5,16.0
91,33762.0,90.0
80,35860.0,27.0
90,36921.0,33.0
99,84130.0,1644.0
86,65104.0,983.0
93,84130.0,1219.0
89,68352.0,805.0
94,41883.0,180.0
99,59809.0,787.0
99,23957.0,41.0
89,38547.0,17.0
101,35688.0,178.0
79,49605.0,99.0
81,59354.0,433.0
83,65747.0,434.0
97,46344.0,318.0
80,34176.0,55.0
100,61010.0,945.0
95,69372.0,1326.0
91,49967.0,291.0
88,60199.0,18.0
87,55375.0,120.0
89,80317.0,1083.0
91,30523.0,16.0
99,70356.0,1644.0
85,23228.0,112.0
93,74165.0,1269.0
83,84130.0,1605.0
86,43482.0,57.0
86,62551.0,373.0
89,52332.0,257.0
87,66951.0,917.0
83,26091.0,52.0
81,33456.0,28.0
90,28718.0,33.0
81,50447.0,118.0
84,53537.0,87.0
82,52074.0,71.0
101,80427.0,1644.0
97,83837.0,1118.0
80,38853.0,43.0
79,38285.0,16.0
86,78497.0,755.0
80,51650.0,179.0
80,18985.5,36.0
88,66835.0,875.0
84,30477.0,54.0
79,28249.0,19.0
98,25271.0,39.0
83,32303.0,37.0
90,61286.0,482.0
94,74068.0,1490.0
95,45759.0,64.0
101,24882.0,44.0
92,66973.0,1067.0
88,36640.0,36.0
92,38872.0,50.0
95,51148.0,294.0
85,31353.0,23.0
80,69661.0,810.0
88,80067.0,1376.0
96,84130.0,1065.0
82,46854.0,183.0
79,69142.0,492.0
85,75922.0,1180.0
87,63693.0,1009.0
99,84130.0,1006.0
90,40637.0,35.0
99,18985.5,18.0
86,29604.0,33.0
92,48721.0,259.0
79,44794.0,61.0
101,64497.0,1580.0
94,46097.0,229.0
82,77972.0,987.0
100,44377.0,254.0
96,46014.0,488.0
93,70951.0,1057.0
82,41443.0,374.0
80,52195.0,16.0
86,83790.0,1551.0
89,44551.0,219.0
98,69508.0,1060.0
81,45204.0,95.0
86,72460.0,1007.0
81,77622.0,700.0
97,30732.0,181.0
101,63887.0,1142.0
94,42011.0,149.0
99,51369.0,383.0
98,51537.0,1011.0
102,79930.0,1644.0
83,34320.0,17.0
94,37070.0,379.0
97,81975.0,1423.0
92,38590.0,16.0
81,18985.5,16.0
94,62745.0,1075.0
85,22212.0,40.0
86,23661.0,22.0
88,79761.0,559.0
85,18985.5,30.0
80,60182.0,20.0
87,73455.0,1644.0
97,64961.0,847.0
90,22804.0,24.0
86,73687.0,1433.0
101,61074.0,922.0
80,31686.0,16.0
92,80134.0,1610.0
97,75027.0,1301.0
101,67546.0,1644.0
99,65176.0,1391.0
88,31160.0,50.0
87,29938.0,16.0
94,84130.0,792.0
100,26490.0,165.0
101,75702.0,1076.0
100,30899.0,32.0
99,63342.0,1070.0
99,45989.0,286.0
92,18985.5,28.0
86,40737.0,16.0
100,18985.5,16.0
92,69674.0,821.0
79,44159.0,255.0
98,37717.0,19.0
96,43776.0,253.0
94,38179.0,68.0
79,80124.0,1170.0
99,38097.0,114.0
91,72940.0,716.0
88,22070.0,44.0
100,69267.0,1416.0
82,31788.0,46.0
84,61905.0,216.0
82,29315.0,37.0
96,33378.0,82.0
88,66313.0,741.0
96,60714.0,703.0
81,77882.0,781.0
94,69867.0,741.0
93,63841.0,770.0
96,24480.0,60.0
99,51369.0,383.0
101,37760.0,277.0
83,65640.0,380.0
81,44319.0,34.0
90,30631.0,45.0
96,75278.0,782.0
97,50898.0,610.0
80,79946.0,1309.0
91,35416.0,336.0
91,32414.0,31.0
85,38361.0,115.0
99,82497.0,1644.0
84,18985.5,54.0
95,29672.0,16.0
101,55951.0,1321.0
95,35388.0,21.0
96,42386.0,85.0
97,68627.0,733.0
82,57912.0,881.0
81,35246.0,50.0
87,58821.0,700.0
83,46377.0,87.0
81,39747.0,208.0
85,23976.0,38.0
94,80950.0,1003.0
100,27038.0,69.0
83,77457.0,1101.0
88,64100.0,536.0
93,42670.0,222.0
84,18985.5,24.0
87,22574.0,35.0
96,70893.0,1450.0
85,54198.0,216.0
82,28839.0,31.0
90,40321.0,75.0
102,66503.0,348.0
90,30833.0,21.0
96,64795.0,574.0
91,34421.0,19.0
83,47025.0,19.0
96,64325.0,1222.0
97,40464.0,566.0
91,62187.0,1112.0
91,18985.5,54.0
87,27255.0,34.0
93,54432.0,38.0
95,29999.0,144.0
93,24072.0,19.0
88,33996.0,65.0
94,66334.0,1138.0
97,35178.0,39.0
91,22010.0,25.0
101,62204.0,761.0
98,75693.0,1315.0
99,30675.0,39.0
95,83003.0,1527.0
88,83532.0,1565.0
102,68655.0,1382.0
86,41411.0,118.0
98,55212.0,1148.0
91,59292.0,479.0
89,27190.0,16.0
86,82623.0,614.0
91,44300.0,39.0
79,84130.0,783.0
97,30372.0,34.0
85,33181.0,16.0
85,71113.0,794.0
97,71952.0,1243.0
87,69759.0,999.0
99,72099.0,1166.0
97,60000.0,1265.0
86,38643.0,38.0
93,50737.0,89.0
98,68462.0,1494.0
89,65073.0,892.0
88,46681.0,368.0
100,78618.0,1644.0
82,62187.0,595.0
83,28442.0,43.0
98,37717.0,19.0
97,51479.0,421.0
101,54803.0,524.0
92,79530.0,1277.0
94,31615.0,31.0
98,72025.0,1566.0
98,52614.0,943.0
81,35684.0,21.0
99,48178.0,214.0
89,29548.0,17.0
99,63810.0,1258.0
91,38578.0,67.0
101,46098.0,84.0
94,22585.0,40.0
97,30279.0,32.0
88,66426.0,1196.0
91,30822.0,27.0
97,33581.0,16.0
86,19986.0,16.0
98,27421.0,229.0
101,35688.0,178.0
82,36143.0,16.0
92,18985.5,24.0
87,43795.0,382.0
100,63381.0,796.0
101,38823.0,83.0
93,83664.0,1066.0
85,84130.0,1547.0
85,62499.0,205.0
81,74293.0,955.0
93,51012.0,176.0
83,70777.0,702.0
88,68682.0,1523.0
100,43824.0,151.0
101,18985.5,26.0
97,23442.0,16.0
99,18985.5,25.0
94,31395.0,49.0
100,75276.0,977.0
89,42373.0,136.0
95,30507.0,213.0
87,55521.0,442.0
79,48006.0,37.0
101,27213.0,58.0
80,65808.0,255.0
92,30351.0,41.0
99,50437.0,477.0
98,23616.0,40.0
99,53858.0,739.0
94,66465.0,1442.0
101,46923.0,285.0
96,75072.0,926.0
82,75865.0,1230.0
86,19789.0,44.0
83,80134.0,1326.0
95,84130.0,1223.0
95,49505.0,723.0
81,37401.0,44.0
80,30096.0,31.0
80,18985.5,16.0
92,82584.0,1276.0
93,84130.0,1644.0
86,48686.0,19.0
81,84130.0,1644.0
82,75433.0,1097.0
81,18985.5,25.0
93,61314.0,664.0
93,84130.0,1644.0
99,42387.0,489.0
96,67309.0,892.0
86,75236.0,916.0
84,30015.0,49.0
91,50943.0,40.0
85,67272.0,691.0
89,51529.0,445.0
89,32011.0,116.0
96,18985.5,21.0
91,28691.0,30.0
85,56223.0,152.0
90,18985.5,16.0
97,30279.0,32.0
82,20130.0,16.0
90,23295.0,16.0
88,42618.0,177.0
85,81246.0,1186.0
92,24027.0,43.0
85,55707.0,327.0
93,57959.0,811.0
95,56796.0,917.0
87,36230.0,54.0
86,70829.0,389.0
101,65991.0,915.0
101,38988.0,303.0
100,84130.0,1644.0
94,42207.0,202.0
80,50300.0,242.0
100,66664.0,1161.0
85,60597.0,811.0
88,70165.0,613.0
84,50520.0,120.0
79,80124.0,1170.0
83,33183.0,68.0
83,66582.0,1250.0
93,75261.0,1644.0
99,31880.0,16.0
83,53790.0,532.0
102,49269.0,824.0
94,61456.0,1107.0
87,37406.0,16.0
102,56937.0,890.0
97,38415.0,40.0
80,20518.0,16.0
95,62503.0,781.0
80,41644.0,29.0
80,55842.0,490.0
99,62010.0,438.0
99,41124.0,387.0
85,38961.0,45.0
89,37760.0,44.0
101,32233.0,213.0
87,43057.0,259.0
100,83151.0,655.0
101,78825.0,840.0
86,65104.0,983.0
91,60093.0,639.0
84,18985.5,18.0
99,28457.0,162.0
100,78952.0,1644.0
98,46310.0,290.0
95,76005.0,1632.0
97,58308.0,770.0
86,55614.0,656.0
93,59432.0,632.0
82,55563.0,41.0
93,78642.0,1644.0
80,67911.0,948.0
94,65275.0,711.0
102,27203.0,40.0
86,48330.0,32.0
97,24279.0,93.0
101,64355.0,1254.0
91,50943.0,40.0
99,53653.0,1092.0
86,65665.0,880.0
90,81217.0,1033.0
91,34935.0,107.0
97,61250.0,645.0
92,39665.0,184.0
94,60152.0,794.0
87,48920.0,331.0
82,84130.0,1644.0
93,44124.0,339.0
93,81169.0,1644.0
96,36443.0,115.0
91,26095.0,30.0
89,71367.0,681.0
83,80184.0,1644.0
84,30630.0,42.0
83,73454.0,1462.0
89,42691.0,283.0
100,70503.0,1628.0
101,25545.0,113.0
98,32880.0,34.0
86,77863.0,1254.0
79,50353.0,376.0
102,61839.0,1644.0
87,49154.0,313.0
95,47682.0,403.0
88,72679.0,1060.0
79,57954.0,484.0
93,65316.0,213.0
91,28567.0,38.0
94,47352.0,304.0
84,44931.0,89.0
83,76982.0,972.0
90,57247.0,172.0
85,22944.0,45.0
87,25315.0,29.0
102,43638.0,163.0
98,42710.0,301.0
90,84130.0,1644.0
92,54058.0,500.0
83,24683.0,28.0
85,84130.0,1447.0
86,47850.0,112.0
84,19514.0,40.0
82,27159.0,20.0
82,39548.0,32.0
81,21474.0,57.0
83,60504.0,488.0
93,22419.0,99.0
87,81698.0,838.0
101,43462.0,219.0
95,54880.0,632.0
94,79908.0,1476.0
90,18985.5,39.0
92,84130.0,1644.0
89,33039.0,58.0
91,81741.0,1400.0
91,71499.0,758.0
84,62466.0,685.0
87,48799.0,301.0
79,52157.0,223.0
98,66565.0,983.0
89,29298.0,16.0
91,47691.0,17.0
98,38200.0,16.0
101,44989.0,253.0
84,38443.0,37.0
88,38593.0,129.0
90,64413.0,249.0
88,36959.0,62.0
96,61996.0,1206.0
82,51287.0,152.0
89,18985.5,40.0
88,47472.0,67.0
91,54603.0,221.0
99,45207.0,213.0
94,40689.0,339.0
87,47821.0,31.0
93,27450.0,80.0
82,39453.0,53.0
81,26850.0,52.0
100,79800.0,1643.0
88,61794.0,553.0
80,53863.0,439.0
89,24221.0,28.0
100,39684.0,60.0
98,84130.0,1644.0
86,69882.0,1186.0
84,33178.0,31.0
88,59973.0,348.0
88,18985.5,29.0
99,23910.0,53.0
87,42169.0,28.0
92,26224.0,39.0
101,31089.0,67.0
95,30081.0,38.0
101,62807.0,699.0
88,72906.0,1022.0
98,61467.0,540.0
96,49618.0,113.0
97,21888.0,146.0
83,42429.0,63.0
95,26150.0,22.0
99,30801.0,32.0
81,81168.0,1149.0
89,26877.0,210.0
90,45006.0,256.0
98,18985.5,16.0
87,22574.0,35.0
99,48240.0,792.0
90,45837.0,332.0
93,35791.0,32.0
92,84130.0,104.0
94,54162.0,27.0
101,30522.0,289.0
91,54456.0,389.0
90,31632.0,48.0
82,72298.0,887.0
85,36975.0,27.0
92,72635.0,839.0
96,18985.5,29.0
92,84130.0,1016.0
100,70971.0,1644.0
101,34487.0,94.0
97,28769.0,185.0
86,69084.0,1526.0
79,65488.0,891.0
84,62466.0,685.0
83,32218.0,62.0
93,83917.0,1310.0
82,46102.0,16.0
92,84130.0,1158.0
97,56181.0,301.0
100,63120.0,1367.0
87,73691.0,1063.0
100,63381.0,796.0
80,76140.0,1322.0
97,62859.0,1270.0
93,45906.0,339.0
95,77632.0,1644.0
89,46463.0,213.0
96,84130.0,1496.0
85,55282.0,212.0
80,78710.0,992.0
88,66886.0,422.0
83,84130.0,1644.0
101,29103.0,39.0
102,67445.0,1083.0
81,50616.0,57.0
102,49431.0,348.0
83,84130.0,16.0
85,61278.0,144.0
100,26490.0,165.0
89,73059.0,942.0
87,46734.0,146.0
98,56253.0,581.0
86,19986.0,16.0
85,58330.0,815.0
101,25965.0,56.0
97,18985.5,22.0
97,18985.5,37.0
92,45068.0,17.0
88,21063.0,41.0
93,29187.0,32.0
87,54690.0,171.0
90,59304.0,987.0
87,59247.0,477.0
101,66731.0,782.0
85,77353.0,510.0
98,52614.0,943.0
80,26751.0,16.0
99,81300.0,1193.0
85,70337.0,442.0
91,36145.0,153.0
85,65295.0,548.0
87,68118.0,751.0
101,68743.0,1644.0
90,41039.0,361.0
87,38946.0,210.0
85,65777.0,1060.0
95,66476.0,563.0
101,84130.0,1644.0
102,84130.0,1644.0
80,77845.0,1280.0
88,69476.0,968.0
100,50611.0,489.0
89,61209.0,809.0
90,42315.0,179.0
87,18985.5,16.0
92,47570.0,88.0
90,61923.0,117.0
82,34824.0,19.0
94,26518.0,52.0
87,45938.0,524.0
81,78468.0,948.0
88,78901.0,674.0
82,71427.0,527.0
83,71022.0,1199.0
81,84130.0,1589.0
85,41335.0,168.0
97,71952.0,1243.0
79,35682.0,37.0
94,43185.0,601.0
86,66375.0,757.0
97,35178.0,39.0
90,25252.0,16.0
99,55250.0,837.0
95,33249.0,56.0
92,58398.0,526.0
90,50272.0,221.0
98,76618.0,1204.0
100,84130.0,934.0
96,25851.0,38.0
94,58710.0,889.0
82,45160.0,18.0
97,74806.0,928.0
93,59111.0,686.0
80,18988.0,16.0
95,72190.0,1532.0
102,18985.5,32.0
79,44794.0,61.0
86,80395.0,1256.0
84,75012.0,818.0
87,56962.0,382.0
93,84130.0,625.0
88,35946.0,16.0
102,53593.0,437.0
91,66373.0,473.0
87,45072.0,252.0
88,84130.0,1402.0
81,72025.0,1627.0
94,67432.0,1029.0
80,70545.0,295.0
94,18985.5,16.0
102,62882.0,1217.0
94,64108.0,1057.0
95,34941.0,70.0
85,48767.0,53.0
90,38702.0,61.0
84,82224.0,831.0
93,83844.0,1352.0
85,18985.5,23.0
82,71163.0,810.0
88,33697.0,16.0
84,63564.0,1116.0
85,83443.0,1357.0
88,51518.0,441.0
85,58330.0,815.0
95,80952.0,1644.0
81,75507.0,1280.0
96,63855.0,801.0
102,62220.0,1202.0
88,58512.0,1019.0
94,40662.0,65.0
82,38829.0,83.0
88,35523.0,50.0
81,79146.0,505.0
87,78285.0,1320.0
93,31626.0,51.0
80,75127.0,589.0
93,48726.0,183.0
101,74985.0,1644.0
101,67430.0,1110.0
89,46891.0,107.0
92,62058.0,392.0
91,72063.0,636.0
85,78939.0,1302.0
93,42720.0,516.0
93,33622.0,65.0
98,18985.5,123.0
95,41452.0,16.0
89,40760.0,87.0
84,74250.0,1158.0
85,51124.0,38.0
88,72258.0,1271.0
82,71466.0,1048.0
81,36283.0,24.0
80,20587.0,16.0
82,30467.0,16.0
91,31590.0,29.0
99,20425.0,24.0
83,18985.5,39.0
97,42564.0,597.0
80,43783.0,486.0
101,40780.0,340.0
96,62847.0,1475.0
99,82017.0,683.0
90,18985.5,35.0
87,51267.0,256.0
94,46524.0,111.0
96,45183.0,294.0
79,70421.0,718.0
99,60161.0,886.0
95,73926.0,1474.0
85,19329.0,53.0
85,61872.0,530.0
94,46984.0,32.0
96,34838.0,109.0
87,82716.0,997.0
94,48192.0,1439.0
87,49681.0,437.0
82,56850.0,56.0
87,55267.0,357.0
94,59666.0,877.0
94,72504.0,1223.0
87,26872.0,24.0
93,21359.0,37.0
80,73170.0,664.0
96,52750.0,722.0
86,84130.0,1306.0
80,65968.0,487.0
82,30772.0,16.0
98,22507.0,345.0
82,65685.0,705.0
89,25804.0,37.0
93,76412.0,1644.0
90,22063.0,33.0
79,57091.0,540.0
93,22419.0,99.0
92,84130.0,1644.0
93,78353.0,1389.0
93,84130.0,1601.0
97,37859.0,33.0
93,80995.0,1370.0
83,18985.5,21.0
86,55412.0,54.0
101,48789.0,530.0
93,56575.0,516.0
88,25130.0,16.0
95,35441.0,37.0
94,71391.0,779.0
93,49494.0,297.0
100,81702.0,1415.0
91,45889.0,37.0
82,56628.0,573.0
90,34026.0,51.0
98,40049.0,218.0
80,34176.0,55.0
99,19419.0,60.0
90,82504.0,977.0
84,81205.0,1644.0
100,61618.0,1095.0
97,55284.0,694.0
87,49980.0,172.0
93,18985.5,25.0
91,49166.0,258.0
84,65324.0,507.0
99,82347.0,1644.0
80,30843.0,26.0
82,46374.0,429.0
94,60474.0,1001.0
83,38576.0,41.0
95,55357.0,638.0
100,37758.0,39.0
93,84130.0,999.0
84,23228.0,39.0
83,44602.0,258.0
97,18985.5,16.0
100,38683.0,234.0
85,49514.0,263.0
92,57906.0,383.0
94,43456.0,379.0
88,19485.0,16.0
93,53172.0,341.0
99,30545.0,50.0
88,70123.0,1644.0
85,62450.0,891.0
79,21675.0,37.0
82,42395.0,142.0
88,61346.0,831.0
88,80812.0,1501.0
91,42835.0,488.0
95,39922.0,119.0
82,84130.0,1113.0
96,18985.5,103.0
83,24762.0,31.0
99,35797.0,46.0
90,36627.0,16.0
79,51111.0,47.0
101,84130.0,1644.0
91,82072.0,1644.0
98,46231.0,246.0
85,42243.0,50.0
94,51195.0,482.0
85,68092.0,1197.0
96,31814.0,62.0
101,51390.0,295.0
84,76630.0,772.0
81,26868.0,16.0
96,48948.0,811.0
98,55260.0,897.0
90,64090.0,611.0
84,78331.0,1408.0
89,37087.0,398.0
87,21846.0,48.0
96,81320.0,768.0
89,54137.0,182.0
90,66825.0,778.0
86,57100.0,310.0
94,58917.0,247.0
81,84130.0,1171.0
86,84130.0,1394.0
86,45684.0,21.0
85,47889.0,58.0
82,45921.0,184.0
91,78420.0,1397.0
87,75114.0,1169.0
96,52278.0,1024.0
90,35641.0,141.0
98,84130.0,1644.0
93,62820.0,862.0
85,73113.0,964.0
90,84130.0,1644.0
86,42607.0,271.0
92,74637.0,1634.0
81,46015.0,40.0
93,72354.0,1034.0
96,39858.0,62.0
81,34469.0,45.0
80,83033.0,1579.0
101,24401.0,328.0
83,77583.0,1029.0
85,74116.0,1644.0
81,74293.0,955.0
86,68397.0,1323.0
81,79632.0,1080.0
83,46107.0,83.0
102,64950.0,903.0
97,25443.0,16.0
80,75127.0,589.0
80,32892.0,43.0
87,71796.0,853.0
92,67536.0,1644.0
90,55239.0,649.0
90,60554.0,781.0
92,64831.0,890.0
90,56067.0,599.0
92,82025.0,1019.0
95,84130.0,1644.0
97,18985.5,35.0
100,51563.0,1214.0
83,57937.0,502.0
88,68274.0,234.0
86,39771.0,28.0
100,67893.0,930.0
80,27922.0,26.0
80,52190.0,59.0
96,44051.0,150.0
93,42767.0,88.0
80,46106.0,40.0
96,18985.5,48.0
98,59754.0,190.0
101,53700.0,570.0
81,59041.0,88.0
93,54237.0,304.0
100,70647.0,842.0
81,52597.0,536.0
97,41021.0,36.0
87,40233.0,130.0
79,50183.0,206.0
88,54753.0,538.0
89,84130.0,1644.0
100,33471.0,72.0
93,34596.0,16.0
100,44010.0,542.0
84,84130.0,1016.0
96,40706.0,74.0
99,18985.5,59.0
86,59052.0,403.0
100,80573.0,1457.0
84,83715.0,883.0
102,82576.0,1644.0
87,56962.0,382.0
85,35704.0,53.0
88,53103.0,890.0
90,46779.0,16.0
79,18985.5,16.0
90,33462.0,43.0
87,63693.0,1009.0
89,80763.0,1142.0
89,65352.0,375.0
86,82170.0,1644.0
87,75759.0,1644.0
93,79689.0,1157.0
79,35340.0,39.0
82,84130.0,1644.0
98,24884.0,16.0
101,42021.0,541.0
83,64449.0,700.0
79,64587.0,82.0
82,34824.0,19.0
86,75437.0,1435.0
83,26091.0,52.0
89,52845.0,831.0
87,46086.0,291.0
101,78028.0,490.0
88,84130.0,1644.0
94,56337.0,537.0
95,22434.0,30.0
92,36930.0,256.0
96,36130.0,395.0
99,65569.0,751.0
93,83844.0,1352.0
84,19514.0,40.0
93,36736.0,16.0
101,77568.0,1644.0
84,49187.0,115.0
95,30168.0,240.0
101,34053.0,91.0
81,38196.0,41.0
81,59412.0,352.0
82,70924.0,1135.0
92,54165.0,219.0
97,32300.0,28.0
95,20180.0,99.0
79,34961.0,77.0
91,28440.0,63.0
95,64504.0,1206.0
79,33564.0,64.0
99,18985.5,46.0
94,56320.0,542.0
89,28647.0,56.0
96,18985.5,42.0
90,32173.0,20.0
99,68316.0,1167.0
91,74538.0,1321.0
96,84130.0,1644.0
79,68695.0,1001.0
96,31056.0,31.0
80,79593.0,1088.0
101,28071.0,243.0
83,37334.0,45.0
88,46423.0,84.0
82,37126.0,61.0
92,47703.0,506.0
81,61180.0,462.0
99,38998.0,49.0
100,18985.5,164.0
80,76081.0,800.0
90,34728.0,30.0
100,33168.0,118.0
88,33585.0,87.0
87,77037.0,1060.0
99,35196.0,271.0
91,44529.0,659.0
82,70924.0,1135.0
80,28764.0,16.0
95,69098.0,1644.0
95,25959.0,25.0
94,27100.0,27.0
100,70596.0,942.0
101,42557.0,250.0
90,53312.0,253.0
98,72228.0,1180.0
94,67605.0,830.0
100,62845.0,1144.0
90,65196.0,955.0
97,42000.0,559.0
80,35860.0,27.0
81,65526.0,497.0
101,18985.5,21.0
81,83528.0,1459.0
102,64176.0,1561.0
102,22304.0,16.0
83,67023.0,881.0
80,32892.0,43.0
98,70713.0,1211.0
98,59925.0,689.0
83,39722.0,39.0
90,46610.0,332.0
91,84130.0,1644.0
93,84130.0,1210.0
89,26907.0,17.0
84,50014.0,344.0
93,41014.0,17.0
82,66294.0,758.0
98,36715.0,328.0
101,79456.0,1219.0
89,40479.0,16.0
96,75345.0,1644.0
96,54233.0,839.0
87,24163.0,16.0
97,84130.0,388.0
81,43776.0,19.0
82,71691.0,1117.0
80,84130.0,1644.0
81,39190.0,113.0
89,71367.0,681.0
91,38578.0,67.0
82,57236.0,116.0
90,61825.0,367.0
80,79803.0,819.0
99,80910.0,676.0
93,27590.0,16.0
97,56775.0,867.0
88,83829.0,1644.0
92,54210.0,313.0
90,38508.0,370.0
87,53187.0,250.0
82,30023.0,34.0
86,76045.0,1230.0
79,50870.0,61.0
90,18985.5,39.0
84,65463.0,514.0
80,66480.0,285.0
95,76773.0,1107.0
95,81698.0,899.0
83,54466.0,16.0
83,84130.0,1644.0
89,18985.5,43.0
89,71819.0,1392.0
87,33569.0,39.0
88,36262.0,245.0
96,22634.0,44.0
88,47025.0,601.0
88,70566.0,708.0
98,31605.0,118.0
92,52034.0,246.0
85,48526.0,106.0
98,46734.0,278.0
97,39552.0,319.0
102,84130.0,1580.0
81,46931.0,61.0
97,18985.5,16.0
85,63998.0,1023.0
96,67381.0,887.0
87,25930.0,16.0
79,42693.0,38.0
99,84130.0,1644.0
87,72903.0,1644.0
80,49669.0,289.0
102,36778.0,69.0
93,84130.0,1301.0
80,18985.5,24.0
96,49678.0,293.0
91,56129.0,540.0
96,37155.0,56.0
80,21282.0,18.0
89,33419.0,68.0
87,63285.0,931.0
84,21255.0,56.0
86,42162.0,114.0
101,54450.0,633.0
86,57744.0,392.0
100,26576.0,18.0
91,57513.0,1010.0
101,68142.0,1310.0
101,18985.5,16.0
100,83145.0,1582.0
82,54197.0,211.0
80,23091.0,46.0
90,46049.0,482.0
98,56715.0,839.0
80,79410.0,1344.0
95,57304.0,903.0
82,44375.0,253.0
101,54450.0,633.0
99,59594.0,490.0
101,80685.0,924.0
87,40344.0,216.0
92,62710.0,566.0
91,48985.0,60.0
101,35322.0,86.0
92,77142.0,742.0
84,81657.0,987.0
83,18985.5,16.0
82,20130.0,16.0
101,74214.0,1579.0
84,66726.0,391.0
97,23724.0,43.0
86,47353.0,213.0
99,33444.0,16.0
92,54386.0,424.0
93,28510.0,68.0
83,84130.0,1644.0
96,48070.0,476.0
97,43140.0,224.0
96,54959.0,1208.0
93,18985.5,42.0
80,26954.0,16.0
90,22327.0,19.0
89,44393.0,48.0
89,62000.0,1000.0
98,31497.0,150.0
83,45894.0,36.0
97,78579.0,1644.0
98,67369.0,1405.0
81,58401.0,38.0
83,62307.0,144.0
93,43641.0,114.0
93,63841.0,770.0
89,46891.0,107.0
94,70091.0,1150.0
82,78075.0,873.0
101,59184.0,855.0
88,54809.0,139.0
96,58113.0,596.0
85,51412.0,176.0
100,18985.5,16.0
89,66636.0,1074.0
95,50965.0,650.0
86,84130.0,1606.0
87,18985.5,22.0
83,40451.0,39.0
92,36317.0,118.0
87,42213.0,340.0
93,65748.0,433.0
87,77044.0,955.0
95,74918.0,1644.0
99,56721.0,208.0
91,42160.0,105.0
90,61559.0,482.0
102,33629.0,148.0
88,68682.0,1523.0
96,34377.0,87.0
101,18985.5,53.0
88,26228.0,16.0
96,77297.0,626.0
90,40211.0,61.0
88,33438.0,82.0
93,75032.0,1191.0
87,61284.0,759.0
99,22518.0,32.0
89,54730.0,342.0
82,38452.0,70.0
95,44421.0,181.0
91,38197.0,36.0
83,41986.0,48.0
94,28427.0,43.0
81,37395.0,27.0
80,64722.0,643.0
81,55249.0,119.0
88,84130.0,1525.0
91,28691.0,30.0
86,44213.0,141.0
84,25707.0,16.0
88,59062.0,62.0
80,76624.0,718.0
81,66000.0,666.0
102,27683.0,294.0
80,18985.5,16.0
98,18985.5,53.0
94,40521.0,17.0
82,20427.0,16.0
80,65106.0,954.0
89,69969.0,1463.0
90,67433.0,914.0
95,77766.0,1443.0
88,74716.0,594.0
87,68118.0,751.0
102,55158.0,384.0
102,62972.0,395.0
80,74190.0,486.0
82,39356.0,17.0
89,76653.0,1644.0
80,35860.0,27.0
92,84130.0,1644.0
86,73450.0,1644.0
91,31454.0,39.0
83,47139.0,58.0
88,83829.0,1644.0
100,53378.0,655.0
96,19656.0,44.0
89,45579.0,181.0
79,84130.0,1311.0
82,55956.0,952.0
96,64191.0,772.0
101,38808.0,197.0
94,57183.0,540.0
98,23748.0,53.0
95,66303.0,1214.0
85,37368.0,18.0
97,40800.0,59.0
100,71847.0,919.0
86,46149.0,335.0
102,78687.0,1644.0
101,49118.0,1012.0
100,37633.0,37.0
90,39767.0,412.0
99,26997.0,241.0
94,33986.0,38.0
98,57091.0,492.0
92,46831.0,40.0
96,83151.0,1644.0
97,52531.0,597.0
89,18985.5,16.0
90,22804.0,24.0
82,43050.0,65.0
86,42997.0,16.0
81,48918.0,61.0
82,60033.0,139.0
87,34043.0,39.0
91,57811.0,703.0
83,78569.0,1466.0
97,18985.5,28.0
92,84130.0,51.0
95,84130.0,1644.0
83,23148.0,24.0
95,44267.0,256.0
99,71626.0,1088.0
91,60894.0,778.0
94,50200.0,331.0
80,81051.0,1458.0
84,65169.0,1143.0
90,59868.0,1030.0
84,65695.0,592.0
98,64857.0,1497.0
89,45143.0,292.0
87,74805.0,621.0
84,59060.0,222.0
93,27238.0,54.0
88,47009.0,348.0
79,46094.0,37.0
90,40321.0,75.0
84,37235.0,35.0
93,81843.0,1436.0
92,46692.0,297.0
85,77382.0,882.0
101,37774.0,295.0
82,18985.5,46.0
95,72828.0,1459.0
81,24711.0,48.0
88,45503.0,151.0
85,18985.5,108.0
86,71604.0,1024.0
83,27244.0,31.0
98,48752.0,301.0
88,71434.0,1136.0
90,84130.0,1144.0
101,84130.0,643.0
88,51948.0,240.0
93,71853.0,1020.0
81,35876.0,112.0
87,40049.0,26.0
102,39660.0,250.0
80,50127.0,299.0
98,43263.0,329.0
100,62845.0,1144.0
95,18985.5,63.0
94,24367.0,16.0
95,33249.0,56.0
96,26887.0,20.0
91,50150.0,338.0
89,62061.0,732.0
93,84130.0,1301.0
94,76542.0,1440.0
87,70515.0,1054.0
99,18985.5,16.0
84,69139.0,206.0
99,69109.0,1431.0
94,69627.0,778.0
93,38136.0,50.0
81,62159.0,535.0
85,80695.0,1644.0
88,33316.0,115.0
100,58554.0,498.0
86,18985.5,32.0
92,53034.0,386.0
102,52203.0,803.0
90,59601.0,767.0
101,75154.0,918.0
87,47025.0,389.0
86,37971.0,21.0
85,41335.0,168.0
80,67267.0,219.0
81,57338.0,212.0
85,50523.0,83.0
93,35791.0,32.0
100,50611.0,489.0
95,56242.0,875.0
98,48904.0,331.0
85,56243.0,386.0
89,21355.0,32.0
91,57420.0,298.0
81,46390.0,175.0
91,54342.0,139.0
100,20895.0,41.0
84,84130.0,1644.0
89,26907.0,17.0
97,44964.0,39.0
81,75507.0,1280.0
87,53761.0,247.0
88,22682.0,57.0
83,38887.0,39.0
99,41658.0,39.0
80,29791.0,20.0
90,63915.0,774.0
80,39996.0,16.0
83,26759.0,52.0
93,63841.0,770.0
98,51039.0,308.0
101,60544.0,249.0
82,65685.0,705.0
81,37716.0,145.0
102,36864.0,265.0
100,44511.0,699.0
102,36947.0,116.0
94,47352.0,304.0
85,67087.0,716.0
101,57045.0,424.0
101,36957.0,120.0
100,69389.0,736.0
92,80134.0,1610.0
83,43142.0,16.0
84,80589.0,1362.0
95,34412.0,118.0
92,57537.0,437.0
96,22634.0,44.0
83,51315.0,151.0
82,36026.0,40.0
84,24639.0,39.0
81,34578.0,16.0
87,65704.0,563.0
99,63810.0,1258.0
83,54132.0,39.0
97,18985.5,37.0
93,28164.0,58.0
93,34596.0,16.0
88,43269.0,18.0
82,38741.0,42.0
95,31907.0,359.0
94,27100.0,27.0
83,31163.0,26.0
85,84130.0,942.0
85,34853.0,29.0
87,70844.0,225.0
93,31086.0,32.0
101,60544.0,249.0
96,20491.0,18.0
81,42523.0,64.0
95,39922.0,119.0
90,33402.0,57.0
88,36408.0,17.0
101,21645.0,41.0
99,78427.0,1644.0
88,82657.0,1644.0
87,51876.0,256.0
97,78041.0,1142.0
98,52852.0,832.0
87,70038.0,1060.0
82,69401.0,643.0
95,46053.0,177.0
79,77343.0,1049.0
86,73892.0,1406.0
88,40304.0,54.0
101,32727.0,446.0
79,68695.0,1001.0
100,43300.0,148.0
97,26290.0,50.0
83,84130.0,1644.0
101,38410.0,456.0
84,64866.0,541.0
89,57957.0,603.0
81,46015.0,40.0
79,18985.5,28.0
91,28072.0,42.0
91,49476.0,558.0
95,50725.0,528.0
93,83844.0,1352.0
83,41145.0,16.0
96,67419.0,1373.0
85,23162.0,39.0
93,34380.0,150.0
93,34704.0,34.0
101,84130.0,934.0
98,65148.0,950.0
95,39898.0,115.0
98,64857.0,1497.0
87,59892.0,86.0
87,41020.0,174.0
84,57072.0,1004.0
94,60474.0,1001.0
101,62807.0,699.0
87,19414.0,20.0
89,19107.0,25.0
102,75484.0,931.0
95,70379.0,785.0
79,79419.0,1585.0
79,64014.0,436.0
97,76998.0,1644.0
86,49854.0,350.0
91,60585.0,673.0
96,42873.0,252.0
90,84130.0,1644.0
88,57867.0,572.0
85,35765.0,55.0
84,65492.0,913.0
86,32952.0,53.0
101,53374.0,1020.0
99,71706.0,1331.0
96,68487.0,1188.0
96,53253.0,302.0
83,31163.0,26.0
101,42014.0,371.0
99,54108.0,644.0
101,49667.0,1344.0
82,63206.0,894.0
91,57136.0,441.0
99,46772.0,840.0
87,78931.0,756.0
92,53977.0,801.0
84,84130.0,1016.0
101,46098.0,84.0
98,73538.0,1414.0
81,79529.0,1244.0
93,20981.0,30.0
82,51766.0,204.0
98,55759.0,770.0
89,33039.0,58.0
88,37787.0,85.0
99,27242.0,66.0
92,84130.0,1644.0
92,69930.0,1396.0
83,37697.0,72.0
81,37401.0,44.0
93,18985.5,16.0
98,58597.0,684.0
82,82032.0,1052.0
98,28087.0,91.0
83,74004.0,1434.0
94,19740.0,31.0
98,57036.0,1452.0
92,53083.0,258.0
79,69283.0,870.0
101,46098.0,84.0
101,23331.0,48.0
100,23331.0,249.0
85,18985.5,18.0
86,67786.0,1034.0
99,71969.0,1076.0
97,59235.0,1037.0
82,31928.0,65.0
95,74881.0,883.0
98,65819.0,1155.0
92,51411.0,17.0
101,51983.0,756.0
96,42386.0,85.0
89,30390.0,59.0
99,30983.0,117.0
96,66033.0,553.0
94,37284.0,16.0
87,57530.0,84.0
83,76800.0,489.0
101,63943.0,988.0
80,76081.0,800.0
102,67445.0,1083.0
88,37054.0,19.0
99,47175.0,219.0
91,31859.0,16.0
96,27215.0,65.0
90,70179.0,857.0
95,39922.0,119.0
87,49681.0,437.0
99,24645.0,16.0
79,79865.0,633.0
79,44322.0,89.0
96,47958.0,382.0
98,63972.0,1245.0
81,75315.0,787.0
100,55517.0,591.0
94,75283.0,934.0
98,82800.0,1202.0
99,38998.0,49.0
83,84130.0,1644.0
87,27161.0,41.0
101,42014.0,371.0
94,38201.0,256.0
82,45203.0,115.0
81,81574.0,1644.0
91,34935.0,107.0
96,60482.0,469.0
84,34633.0,16.0
85,78093.0,1052.0
86,82460.0,927.0
81,45903.0,53.0
83,81361.0,637.0
80,35860.0,27.0
101,40442.0,134.0
79,61482.0,190.0
94,34968.0,217.0
85,75794.0,1602.0
98,31497.0,150.0
95,74268.0,677.0
101,18985.5,16.0
89,45143.0,292.0
82,52569.0,88.0
99,48432.0,379.0
83,18985.5,39.0
87,36108.0,281.0
100,76445.0,1295.0
81,36663.0,27.0
91,53843.0,485.0
100,84130.0,1644.0
92,70638.0,1259.0
89,44512.0,30.0
83,27116.0,36.0
90,54072.0,39.0
96,71855.0,1001.0
94,51250.0,638.0
82,60432.0,387.0
81,65526.0,497.0
102,68655.0,1382.0
98,18985.5,37.0
89,64509.0,1620.0
90,33955.0,253.0
85,31353.0,23.0
88,55434.0,737.0
87,28359.0,16.0
80,57100.0,283.0
84,69139.0,206.0
99,52973.0,944.0
89,51717.0,116.0
97,18985.5,40.0
100,66664.0,1161.0
96,50664.0,431.0
96,54414.0,167.0
83,54549.0,224.0
101,47111.0,939.0
94,41003.0,469.0
83,19444.0,42.0
87,36301.0,61.0
89,73059.0,942.0
87,42731.0,218.0
82,52854.0,115.0
91,22775.0,16.0
88,46681.0,368.0
94,59821.0,699.0
91,50002.0,540.0
88,69755.0,778.0
79,44078.0,37.0
91,30560.0,19.0
82,35924.0,24.0
88,64140.0,1520.0
99,56386.0,505.0
85,24594.0,20.0
81,75774.0,753.0
93,39228.0,16.0
85,58494.0,377.0
79,58684.0,721.0
92,57136.0,1040.0
81,56551.0,120.0
83,22448.0,35.0
101,82014.0,1317.0
101,34213.0,88.0
93,84130.0,1644.0
90,25358.0,24.0
83,35544.0,62.0
92,36634.0,302.0
84,62670.0,741.0
90,50334.0,544.0
79,72066.0,1644.0
93,50729.0,440.0
92,34916.0,189.0
80,64892.0,813.0
84,43602.0,46.0
88,33996.0,65.0
91,41473.0,64.0
89,63246.0,743.0
85,36732.0,39.0
86,69084.0,1526.0
95,77766.0,1443.0
90,37929.0,253.0
89,84130.0,1354.0
97,80141.0,1644.0
92,72635.0,839.0
98,69016.0,1265.0
98,20193.0,62.0
94,27573.0,214.0
91,18985.5,17.0
95,49544.0,381.0
84,33228.0,62.0
88,70440.0,1382.0
84,38232.0,83.0
99,22554.0,37.0
80,23536.0,16.0
87,49413.0,256.0
82,42231.0,32.0
102,78789.0,1588.0
90,56534.0,769.0
97,58350.0,841.0
90,81217.0,1033.0
90,49090.0,588.0
91,61787.0,1186.0
95,18985.5,16.0
101,24336.0,17.0
97,18985.5,47.0
92,62335.0,676.0
100,42033.0,18.0
95,84130.0,706.0
100,41437.0,31.0
83,73705.0,1481.0
101,61064.0,855.0
82,38452.0,70.0
86,18985.5,49.0
82,55012.0,647.0
100,18985.5,45.0
88,38175.0,147.0
100,58656.0,1184.0
101,52117.0,259.0
85,64813.0,596.0
83,54222.0,245.0
79,83512.0,1644.0
89,77520.0,1380.0
94,41154.0,59.0
99,80398.0,1536.0
80,18985.5,35.0
99,35196.0,271.0
92,60230.0,946.0
80,22108.0,23.0
89,44392.0,170.0
98,55424.0,717.0
96,18985.5,16.0
93,84130.0,1644.0
85,84130.0,1644.0
82,82571.0,1512.0
84,38513.0,306.0
81,18985.5,58.0
99,42586.0,252.0
97,23529.0,32.0
95,74881.0,883.0
95,71107.0,958.0
82,46910.0,62.0
97,18985.5,37.0
93,37244.0,30.0
82,82427.0,1242.0
93,75342.0,419.0
95,70044.0,1476.0
81,79146.0,505.0
86,77437.0,1052.0
80,54984.0,349.0
85,42403.0,34.0
81,55761.0,149.0
93,37292.0,371.0
80,45576.0,106.0
96,70321.0,1159.0
96,58086.0,777.0
99,81795.0,1176.0
98,28389.0,16.0
88,66835.0,875.0
92,69901.0,641.0
95,80360.0,1644.0
99,63342.0,1070.0
101,44989.0,253.0
83,31859.0,29.0
95,51569.0,433.0
97,30372.0,34.0
94,18985.5,23.0
87,41120.0,49.0
90,39763.0,145.0
80,38725.0,39.0
92,77981.0,478.0
88,62905.0,456.0
95,18985.5,31.0
87,59481.0,337.0
89,72117.0,963.0
89,21955.0,30.0
94,67131.0,879.0
79,36802.0,19.0
93,71853.0,1020.0
79,28249.0,19.0
87,47808.0,152.0
100,25509.0,83.0
93,51012.0,176.0
100,70596.0,942.0
92,84130.0,1059.0
82,42664.0,24.0
99,42586.0,252.0
101,29760.0,143.0
100,28973.0,255.0
90,39435.0,89.0
90,65370.0,343.0
97,20194.0,22.0
83,42473.0,115.0
100,64590.0,1262.0
86,71232.0,874.0
97,34600.0,300.0
99,46904.0,213.0
100,49094.0,425.0
85,36075.0,88.0
101,60839.0,972.0
87,77298.0,855.0
90,34026.0,51.0
81,48918.0,61.0
89,82122.0,1257.0
83,37697.0,72.0
90,34074.0,187.0
91,28520.0,21.0
88,62535.0,301.0
81,36273.0,65.0
80,63404.0,841.0
81,75774.0,753.0
79,78416.0,958.0
100,75702.0,1644.0
93,59385.0,145.0
94,37070.0,379.0
84,44689.0,23.0
92,53977.0,801.0
86,18985.5,123.0
92,18985.5,28.0
81,84130.0,1548.0
99,63159.0,1644.0
100,37758.0,39.0
98,46757.0,970.0
79,79734.0,835.0
96,63207.0,1263.0
95,72071.0,1050.0
90,21840.0,26.0
88,58582.0,644.0
90,72282.0,1039.0
89,50387.0,477.0
79,32583.0,16.0
82,62568.0,857.0
87,44635.0,65.0
88,33316.0,115.0
90,63967.0,685.0
101,52513.0,729.0
88,25293.0,26.0
89,54111.0,335.0
95,78394.0,1238.0
92,80739.0,1541.0
92,22669.0,103.0
88,29236.0,81.0
94,44911.0,183.0
95,54693.0,868.0
82,48186.0,178.0
88,54809.0,139.0
98,41580.0,89.0
89,80336.0,844.0
94,47743.0,243.0
102,62972.0,395.0
100,57333.0,1428.0
96,32313.0,148.0
92,84130.0,880.0
81,27071.0,30.0
89,68148.0,900.0
86,65735.0,369.0
101,84130.0,473.0
79,18985.5,16.0
91,30093.0,49.0
84,57705.0,442.0
84,25008.0,24.0
100,83257.0,1191.0
92,22280.0,16.0
99,72159.0,1308.0
97,64260.0,1544.0
88,82733.0,1247.0
89,74290.0,1193.0
98,58217.0,85.0
91,21024.0,64.0
96,70116.0,1449.0
100,54006.0,460.0
99,69063.0,894.0
85,18985.5,16.0
90,61825.0,367.0
87,70886.0,819.0
99,69109.0,1431.0
100,60208.0,597.0
89,32889.0,45.0
80,34738.0,18.0
100,30538.0,344.0
82,82326.0,1644.0
83,26642.0,32.0
91,69932.0,887.0
81,44503.0,40.0
97,60200.0,653.0
81,49638.0,34.0
83,23830.0,19.0
101,33051.0,522.0
84,72905.0,1147.0
95,69702.0,963.0
90,70300.0,1504.0
99,70643.0,1644.0
81,30396.0,21.0
81,50616.0,144.0
92,62772.0,830.0
80,30298.0,27.0
99,52413.0,382.0
84,44155.0,32.0
87,84130.0,1584.0
89,76532.0,652.0
95,42081.0,349.0
101,67546.0,1644.0
81,84130.0,1644.0
96,31158.0,67.0
80,61671.0,704.0
80,69719.0,744.0
87,49160.0,211.0
101,24882.0,44.0
82,84130.0,1543.0
80,84130.0,16.0
91,59292.0,479.0
95,45759.0,64.0
81,22148.0,34.0
82,73395.0,379.0
87,29819.0,36.0
84,45688.0,297.0
93,62820.0,862.0
89,60491.0,933.0
84,33235.0,63.0
94,35701.0,38.0
88,31535.0,32.0
81,84130.0,1212.0
99,67384.0,1330.0
100,80573.0,1457.0
101,77870.0,1632.0
96,52278.0,1024.0
101,57107.0,279.0
95,18985.5,63.0
92,36038.0,38.0
95,20180.0,99.0
97,34230.0,19.0
79,31878.0,42.0
84,70932.0,539.0
99,84130.0,1541.0
88,77598.0,1636.0
97,80982.0,1147.0
89,22701.0,16.0
98,55212.0,1148.0
91,70617.0,1207.0
99,64849.0,1144.0
91,62694.0,567.0
86,61917.0,88.0
88,67472.0,328.0
85,21059.0,33.0
82,29543.0,41.0
94,75903.0,763.0
101,34984.0,30.0
95,54998.0,417.0
98,54356.0,775.0
82,34242.0,16.0
89,25410.0,21.0
84,73356.0,1386.0
96,28320.0,37.0
102,23763.0,34.0
81,72570.0,724.0
101,34529.0,115.0
96,70792.0,1147.0
99,63211.0,1002.0
79,83891.0,716.0
94,36065.0,69.0
95,39898.0,115.0
91,51141.0,151.0
88,56939.0,483.0
80,80872.0,1216.0
102,72335.0,1644.0
86,61798.0,442.0
81,76842.0,1044.0
84,29478.0,18.0
99,46998.0,344.0
93,84130.0,1510.0
81,56551.0,120.0
91,70053.0,744.0
91,71670.0,1606.0
79,44359.0,41.0
93,40887.0,108.0
85,48877.0,120.0
89,74485.0,1636.0
87,64474.0,644.0
83,77226.0,1041.0
95,72643.0,1282.0
84,84130.0,1332.0
95,55686.0,909.0
82,39062.0,32.0
97,34600.0,300.0
94,40794.0,361.0
87,54690.0,171.0
88,18985.5,34.0
102,32632.0,504.0
88,38236.0,78.0
81,36781.0,47.0
98,31385.0,17.0
95,24570.0,135.0
100,25509.0,83.0
83,84130.0,1644.0
92,58646.0,113.0
95,53201.0,388.0
97,21994.0,18.0
96,57113.0,219.0
91,51373.0,250.0
87,23477.0,110.0
81,58116.0,381.0
85,72968.0,1644.0
94,39791.0,140.0
87,84130.0,1644.0
82,84130.0,1575.0
93,18985.5,19.0
80,84130.0,646.0
101,79205.0,823.0
97,56559.0,422.0
96,32644.0,383.0
85,67506.0,228.0
95,24206.0,20.0
85,28420.0,16.0
101,22979.0,72.0
79,33279.0,16.0
88,46423.0,84.0
87,30368.0,50.0
98,63684.0,1291.0
95,41638.0,350.0
88,68805.0,250.0
83,65814.0,698.0
92,71964.0,1644.0
95,39146.0,141.0
90,84130.0,1644.0
96,34445.0,680.0
102,68281.0,1566.0
94,37284.0,16.0
95,36790.0,35.0
93,27943.0,33.0
82,22263.0,19.0
100,30261.0,16.0
83,28587.0,55.0
94,43815.0,57.0
84,48195.0,253.0
84,77027.0,1164.0
95,71322.0,1091.0
83,32765.0,40.0
95,29672.0,16.0
87,23272.0,32.0
101,49912.0,783.0
102,18985.5,52.0
95,68117.0,877.0
86,67225.0,718.0
86,18985.5,39.0
93,55914.0,927.0
88,40059.0,259.0
86,60905.0,337.0
100,75330.0,987.0
92,60689.0,609.0
94,38680.0,62.0
96,61416.0,1526.0
93,49767.0,501.0
100,83273.0,1188.0
86,29009.0,37.0
86,45057.0,47.0
101,37150.0,317.0
86,43020.0,155.0
79,53154.0,150.0
88,65308.0,1097.0
101,76467.0,1473.0
85,81044.0,1084.0
95,32871.0,36.0
88,55801.0,428.0
79,76320.0,844.0
80,36927.0,67.0
79,48794.0,39.0
94,23478.0,73.0
100,71128.0,1584.0
90,70179.0,857.0
97,59462.0,884.0
85,38361.0,115.0
87,70038.0,1060.0
97,42554.0,41.0
102,67445.0,1083.0
97,67046.0,735.0
89,42192.0,87.0
99,77610.0,1631.0
82,31761.0,56.0
87,34350.0,36.0
90,54591.0,486.0
85,71866.0,643.0
88,25293.0,26.0
97,42000.0,559.0
91,69520.0,1282.0
83,64713.0,494.0
91,27889.0,18.0
82,22123.0,64.0
101,27803.0,118.0
99,51651.0,335.0
96,68487.0,1188.0
95,56796.0,917.0
97,84130.0,895.0
82,79823.0,1402.0
88,30828.0,44.0
87,34109.0,17.0
89,53367.0,386.0
87,22390.0,20.0
81,71322.0,293.0
97,79244.0,910.0
101,49912.0,783.0
92,48699.0,39.0
88,80144.0,1067.0
92,54252.0,216.0
100,81929.0,1644.0
98,76068.0,1288.0
82,53204.0,39.0
80,67911.0,948.0
100,18985.5,31.0
83,78128.0,1204.0
95,18985.5,36.0
99,20425.0,24.0
92,58646.0,113.0
97,72967.0,372.0
92,48150.0,217.0
100,82332.0,1644.0
92,58275.0,508.0
97,44953.0,889.0
80,34587.0,20.0
87,43018.0,63.0
90,45736.0,391.0
86,66476.0,947.0
89,27733.0,38.0
84,69805.0,1008.0
94,72217.0,1363.0
99,25818.0,17.0
101,37509.0,110.0
90,25176.0,16.0
101,43586.0,116.0
102,53230.0,482.0
79,50116.0,64.0
88,84130.0,1525.0
90,61286.0,482.0
94,82333.0,1644.0
101,65220.0,1245.0
87,33590.0,16.0
93,30992.0,38.0
95,72309.0,1644.0
89,84130.0,16.0
102,18985.5,26.0
84,65487.0,1006.0
82,58692.0,377.0
88,40590.0,210.0
80,20587.0,16.0
83,62637.0,168.0
102,29435.0,114.0
84,19346.0,16.0
84,35788.0,39.0
96,36997.0,67.0
83,23539.0,55.0
84,65333.0,753.0
86,78499.0,1201.0
82,29732.0,33.0
82,41275.0,50.0
91,63516.0,281.0
87,42769.0,87.0
85,49572.0,52.0
100,69209.0,1606.0
84,18985.5,42.0
88,40590.0,210.0
91,30560.0,19.0
80,32146.0,56.0
81,41713.0,139.0
84,34176.0,24.0
82,58482.0,717.0
84,59686.0,227.0
100,60896.0,1502.0
83,62994.0,288.0
90,47320.0,380.0
92,74859.0,1390.0
87,18985.5,16.0
91,31560.0,87.0
95,72071.0,1050.0
94,84130.0,1008.0
85,84130.0,1046.0
86,41967.0,37.0
83,69263.0,542.0
91,65706.0,1070.0
84,60934.0,726.0
90,71965.0,927.0
82,65210.0,696.0
97,79174.0,1644.0
97,81380.0,1644.0
99,48432.0,379.0
97,52914.0,338.0
87,38946.0,210.0
87,26067.0,42.0
95,44325.0,537.0
81,42523.0,64.0
92,26487.0,32.0
82,53233.0,40.0
97,67716.0,951.0
84,76234.0,866.0
80,84117.0,1495.0
84,65487.0,1006.0
82,25224.0,36.0
95,84130.0,1518.0
95,40851.0,31.0
102,27469.0,16.0
99,82347.0,1644.0
102,73803.0,1328.0
94,18985.5,29.0
81,43322.0,121.0
89,55593.0,436.0
91,50501.0,348.0
79,37085.0,58.0
90,18985.5,53.0
98,57731.0,652.0
99,48432.0,379.0
97,73807.0,717.0
95,18985.5,63.0
99,35893.0,181.0
102,61014.0,1075.0
82,32144.0,51.0
98,18985.5,24.0
90,45146.0,38.0
95,41769.0,494.0
84,84130.0,1543.0
81,38054.0,44.0
100,80617.0,1348.0
90,18985.5,24.0
97,36807.0,16.0
94,28427.0,43.0
82,82032.0,1052.0
91,22775.0,16.0
100,40101.0,329.0
86,58025.0,400.0
91,75777.0,1345.0
93,18985.5,24.0
79,33562.0,45.0
84,57642.0,652.0
100,58554.0,498.0
94,63777.0,583.0
95,57967.0,377.0
80,24434.0,33.0
94,18985.5,60.0
101,44802.0,1019.0
101,26816.0,16.0
92,84130.0,49.0
91,34421.0,19.0
91,61223.0,976.0
79,64014.0,436.0
84,56981.0,1205.0
84,69245.0,752.0
99,52869.0,150.0
