date,new_cases,7dayAvg
2020-01-01,0.0,
2020-01-02,0.0,
2020-01-03,0.0,
2020-01-04,0.0,
2020-01-05,0.0,
2020-01-06,0.0,
2020-01-07,0.0,0.0
2020-01-08,0.0,0.0
2020-01-09,0.0,0.0
2020-01-10,0.0,0.0
2020-01-11,0.0,0.0
2020-01-12,0.0,0.0
2020-01-13,0.0,0.0
2020-01-14,0.0,0.0
2020-01-15,0.0,0.0
2020-01-16,0.0,0.0
2020-01-17,0.0,0.0
2020-01-18,0.0,0.0
2020-01-19,0.0,0.0
2020-01-20,0.0,0.0
2020-01-21,0.0,0.0
2020-01-22,0.0,0.0
2020-01-23,100.0,14.285714285714286
2020-01-24,287.0,55.285714285714285
2020-01-25,493.0,125.71428571428571
2020-01-26,683.0,223.28571428571428
2020-01-27,809.0,338.85714285714283
2020-01-28,2651.0,717.5714285714286
2020-01-29,589.0,801.7142857142857
2020-01-30,2068.0,1082.857142857143
2020-01-31,1690.0,1283.2857142857142
2020-02-01,2111.0,1514.4285714285713
2020-02-02,4749.0,2095.285714285714
2020-02-03,3100.0,2422.5714285714284
2020-02-04,4012.0,2617.0
2020-02-05,3745.0,3067.8571428571427
2020-02-06,3162.0,3224.1428571428573
2020-02-07,3594.0,3496.1428571428573
2020-02-08,2731.0,3584.714285714286
2020-02-09,3031.0,3339.285714285714
2020-02-10,2609.0,3269.1428571428573
2020-02-11,2043.0,2987.8571428571427
2020-02-12,418.0,2512.5714285714284
2020-02-13,15152.0,4225.428571428572
2020-02-14,6528.0,4644.571428571428
2020-02-15,2143.0,4560.571428571428
2020-02-16,2183.0,4439.428571428572
2020-02-17,2035.0,4357.428571428572
2020-02-18,1882.0,4334.428571428572
2020-02-19,500.0,4346.142857142857
2020-02-20,561.0,2261.714285714286
2020-02-21,630.0,1419.142857142857
2020-02-22,1762.0,1364.7142857142858
2020-02-23,382.0,1107.4285714285713
2020-02-24,568.0,897.8571428571429
2020-02-25,855.0,751.1428571428571
2020-02-26,978.0,819.4285714285714
2020-02-27,1359.0,933.4285714285714
2020-02-28,1399.0,1043.2857142857142
2020-02-29,1894.0,1062.142857142857
2020-03-01,2380.0,1347.5714285714287
2020-03-02,1979.0,1549.142857142857
2020-03-03,2610.0,1799.857142857143
2020-03-04,2339.0,1994.2857142857142
2020-03-05,2828.0,2204.1428571428573
2020-03-06,3933.0,2566.1428571428573
2020-03-07,4125.0,2884.8571428571427
2020-03-08,3928.0,3106.0
2020-03-09,4198.0,3423.0
2020-03-10,4906.0,3751.0
2020-03-11,7728.0,4520.857142857143
2020-03-12,6123.0,4991.571428571428
2020-03-13,14194.0,6457.428571428572
2020-03-14,11121.0,7456.857142857143
2020-03-15,11426.0,8528.0
2020-03-16,14821.0,10045.57142857143
2020-03-17,16138.0,11650.142857142857
2020-03-18,19684.0,13358.142857142857
2020-03-19,27308.0,16384.571428571428
2020-03-20,31116.0,18802.0
2020-03-21,32081.0,21796.285714285714
2020-03-22,35185.0,25190.428571428572
2020-03-23,43025.0,29219.571428571428
2020-03-24,41265.0,32809.142857142855
2020-03-25,51334.0,37330.57142857143
2020-03-26,63075.0,42440.142857142855
2020-03-27,65090.0,47293.57142857143
2020-03-28,69676.0,52664.28571428572
2020-03-29,56666.0,55733.0
2020-03-30,65288.0,58913.42857142857
2020-03-31,77195.0,64046.28571428572
2020-04-01,82028.0,68431.14285714286
2020-04-02,83031.0,71282.0
2020-04-03,84153.0,74005.28571428571
2020-04-04,75933.0,74899.14285714286
2020-04-05,70079.0,76815.28571428571
2020-04-06,74018.0,78062.42857142857
2020-04-07,72898.0,77448.57142857143
2020-04-08,83493.0,77657.85714285714
2020-04-09,86645.0,78174.14285714286
2020-04-10,85177.0,78320.42857142857
2020-04-11,74003.0,78044.71428571429
2020-04-12,118896.0,85018.57142857143
2020-04-13,71283.0,84627.85714285714
2020-04-14,83729.0,86175.14285714286
2020-04-15,78667.0,85485.71428571429
2020-04-16,94417.0,86596.0
2020-04-17,87995.0,86998.57142857143
2020-04-18,76561.0,87364.0
2020-04-19,76016.0,81238.28571428571
2020-04-20,75989.0,81910.57142857143
2020-04-21,75664.0,80758.42857142857
2020-04-22,82018.0,81237.14285714286
2020-04-23,84422.0,79809.28571428571
2020-04-24,93555.0,80603.57142857143
2020-04-25,82929.0,81513.28571428571
2020-04-26,70356.0,80704.71428571429
2020-04-27,70893.0,79976.71428571429
2020-04-28,75834.0,80001.0
2020-04-29,79105.0,79584.85714285714
2020-04-30,83794.0,79495.14285714286
2020-05-01,88445.0,78765.14285714286
2020-05-02,78466.0,78127.57142857143
2020-05-03,74090.0,78661.0
2020-05-04,77195.0,79561.28571428571
2020-05-05,79778.0,80124.71428571429
2020-05-06,90730.0,81785.42857142857
2020-05-07,90238.0,82706.0
2020-05-08,91860.0,83193.85714285714
2020-05-09,84057.0,83992.57142857143
2020-05-10,75123.0,84140.14285714286
2020-05-11,76342.0,84018.28571428571
2020-05-12,85002.0,84764.57142857143
2020-05-13,84464.0,83869.42857142857
2020-05-14,95120.0,84566.85714285714
2020-05-15,96143.0,85178.71428571429
2020-05-16,94034.0,86604.0
2020-05-17,78450.0,87079.28571428571
2020-05-18,88861.0,88867.71428571429
2020-05-19,96702.0,90539.14285714286
2020-05-20,105273.0,93511.85714285714
2020-05-21,105710.0,95024.71428571429
2020-05-22,107476.0,96643.71428571429
2020-05-23,104037.0,98072.71428571429
2020-05-24,93581.0,100234.28571428571
2020-05-25,88459.0,100176.85714285714
2020-05-26,92943.0,99639.85714285714
2020-05-27,102435.0,99234.42857142857
2020-05-28,119964.0,101270.71428571429
2020-05-29,121615.0,103290.57142857143
2020-05-30,134952.0,107707.0
2020-05-31,102928.0,109042.28571428571
2020-06-01,100097.0,110704.85714285714
2020-06-02,123856.0,115121.0
2020-06-03,114380.0,116827.42857142857
2020-06-04,138052.0,119411.42857142857
2020-06-05,133556.0,121117.28571428571
2020-06-06,129625.0,120356.28571428571
2020-06-07,110990.0,121508.0
2020-06-08,103212.0,121953.0
2020-06-09,126320.0,122305.0
2020-06-10,136820.0,125510.71428571429
2020-06-11,135454.0,125139.57142857143
2020-06-12,127743.0,124309.14285714286
2020-06-13,133632.0,124881.57142857143
2020-06-14,131883.0,127866.28571428571
2020-06-15,124773.0,130946.42857142857
2020-06-16,144387.0,133527.42857142858
2020-06-17,143143.0,134430.7142857143
2020-06-18,143339.0,135557.14285714287
2020-06-19,180941.0,143156.85714285713
2020-06-20,185610.0,150582.2857142857
2020-06-21,112725.0,147845.42857142858
2020-06-22,142032.0,150311.0
2020-06-23,168436.0,153746.57142857142
2020-06-24,171226.0,157758.42857142858
2020-06-25,179387.0,162908.14285714287
2020-06-26,192711.0,164589.57142857142
2020-06-27,176118.0,163233.57142857142
2020-06-28,168840.0,171250.0
2020-06-29,152581.0,172757.0
2020-06-30,183734.0,174942.42857142858
2020-07-01,214973.0,181192.0
2020-07-02,204583.0,184791.42857142858
2020-07-03,202463.0,186184.57142857142
2020-07-04,189688.0,188123.14285714287
2020-07-05,186065.0,190583.85714285713
2020-07-06,168075.0,192797.2857142857
2020-07-07,209567.0,196487.7142857143
2020-07-08,214971.0,196487.42857142858
2020-07-09,223980.0,199258.42857142858
2020-07-10,233055.0,203628.7142857143
2020-07-11,212826.0,206934.14285714287
2020-07-12,192862.0,207905.14285714287
2020-07-13,194415.0,211668.0
2020-07-14,221098.0,213315.2857142857
2020-07-15,229282.0,215359.7142857143
2020-07-16,244977.0,218359.2857142857
2020-07-17,237538.0,218999.7142857143
2020-07-18,235149.0,222188.7142857143
2020-07-19,211877.0,224905.14285714287
2020-07-20,208306.0,226889.57142857142
2020-07-21,243105.0,230033.42857142858
2020-07-22,275290.0,236606.0
2020-07-23,279855.0,241588.57142857142
2020-07-24,283588.0,248167.14285714287
2020-07-25,249820.0,250263.0
2020-07-26,212065.0,250289.85714285713
2020-07-27,234109.0,253976.0
2020-07-28,264429.0,257022.2857142857
2020-07-29,270492.0,256336.85714285713
2020-07-30,281760.0,256609.0
2020-07-31,287793.0,257209.7142857143
2020-08-01,246026.0,256667.7142857143
2020-08-02,230688.0,259328.14285714287
2020-08-03,206218.0,255343.7142857143
2020-08-04,265451.0,255489.7142857143
2020-08-05,275685.0,256231.57142857142
2020-08-06,286675.0,256933.7142857143
2020-08-07,282537.0,256182.85714285713
2020-08-08,265018.0,258896.0
2020-08-09,232917.0,259214.42857142858
2020-08-10,233901.0,263169.14285714284
2020-08-11,266053.0,263255.14285714284
2020-08-12,274928.0,263147.0
2020-08-13,290309.0,263666.14285714284
2020-08-14,307268.0,267199.14285714284
2020-08-15,248389.0,264823.5714285714
2020-08-16,209979.0,261546.7142857143
2020-08-17,213758.0,258669.14285714287
2020-08-18,259638.0,257752.7142857143
2020-08-19,277272.0,258087.57142857142
2020-08-20,271457.0,255394.42857142858
2020-08-21,261900.0,248913.2857142857
2020-08-22,262782.0,250969.42857142858
2020-08-23,202503.0,249901.42857142858
2020-08-24,228842.0,252056.2857142857
2020-08-25,245682.0,250062.57142857142
2020-08-26,281286.0,250636.0
2020-08-27,287426.0,252917.2857142857
2020-08-28,285279.0,256257.14285714287
2020-08-29,260302.0,255902.85714285713
2020-08-30,219272.0,258298.42857142858
2020-08-31,264981.0,263461.14285714284
2020-09-01,266924.0,266495.71428571426
2020-09-02,281761.0,266563.5714285714
2020-09-03,285600.0,266302.71428571426
2020-09-04,301284.0,268589.14285714284
2020-09-05,273551.0,270481.85714285716
2020-09-06,228639.0,271820.0
2020-09-07,226339.0,266299.71428571426
2020-09-08,246115.0,263327.0
2020-09-09,285295.0,263831.85714285716
2020-09-10,304230.0,266493.28571428574
2020-09-11,315922.0,268584.4285714286
2020-09-12,288415.0,270707.85714285716
2020-09-13,248415.0,273533.0
2020-09-14,267351.0,279391.85714285716
2020-09-15,281115.0,284391.85714285716
2020-09-16,304544.0,287141.71428571426
2020-09-17,315363.0,288732.14285714284
2020-09-18,326928.0,290304.4285714286
2020-09-19,292637.0,290907.5714285714
2020-09-20,254609.0,291792.4285714286
2020-09-21,260288.0,290783.4285714286
2020-09-22,284390.0,291251.28571428574
2020-09-23,311331.0,292220.85714285716
2020-09-24,321153.0,293048.0
2020-09-25,330166.0,293510.5714285714
2020-09-26,284721.0,292379.71428571426
2020-09-27,246987.0,291290.85714285716
2020-09-28,263359.0,291729.5714285714
2020-09-29,282424.0,291448.71428571426
2020-09-30,324888.0,293385.4285714286
2020-10-01,319075.0,293088.5714285714
2020-10-02,329438.0,292984.5714285714
2020-10-03,296636.0,294686.71428571426
2020-10-04,259327.0,296449.5714285714
2020-10-05,312289.0,303439.5714285714
2020-10-06,315724.0,308196.71428571426
2020-10-07,349968.0,311779.5714285714
2020-10-08,359782.0,317594.85714285716
2020-10-09,360007.0,321961.85714285716
2020-10-10,353941.0,330148.28571428574
2020-10-11,288662.0,334339.0
2020-10-12,293144.0,331604.0
2020-10-13,319372.0,332125.14285714284
2020-10-14,382114.0,336717.4285714286
2020-10-15,407698.0,343562.5714285714
2020-10-16,410562.0,350784.71428571426
2020-10-17,369342.0,352984.85714285716
2020-10-18,329420.0,358807.4285714286
2020-10-19,377377.0,370840.71428571426
2020-10-20,390584.0,381013.85714285716
2020-10-21,443172.0,389736.4285714286
2020-10-22,476531.0,399569.71428571426
2020-10-23,495472.0,411699.71428571426
2020-10-24,452742.0,423614.0
2020-10-25,357883.0,427680.14285714284
2020-10-26,486104.0,443212.5714285714
2020-10-27,468902.0,454400.85714285716
2020-10-28,520939.0,465510.4285714286
2020-10-29,552021.0,476294.71428571426
2020-10-30,572465.0,487293.71428571426
2020-10-31,468316.0,489518.5714285714
2020-11-01,436297.0,500720.5714285714
2020-11-02,558688.0,511089.71428571426
2020-11-03,555349.0,523439.28571428574
2020-11-04,552029.0,527880.7142857143
2020-11-05,620386.0,537647.1428571428
2020-11-06,622073.0,544734.0
2020-11-07,591760.0,562368.8571428572
2020-11-08,487777.0,569723.1428571428
2020-11-09,500565.0,561419.8571428572
2020-11-10,579629.0,564888.4285714285
2020-11-11,627020.0,575601.4285714285
2020-11-12,644349.0,579024.7142857143
2020-11-13,660173.0,584467.5714285715
2020-11-14,580280.0,582827.5714285715
2020-11-15,476177.0,581170.4285714285
2020-11-16,526268.0,584842.2857142857
2020-11-17,612321.0,589512.5714285715
2020-11-18,627683.0,589607.2857142857
2020-11-19,655129.0,591147.2857142857
2020-11-20,673583.0,593063.0
2020-11-21,585959.0,593874.2857142857
2020-11-22,487333.0,595468.0
2020-11-23,532587.0,596370.7142857143
2020-11-24,593781.0,593722.1428571428
2020-11-25,631254.0,594232.2857142857
2020-11-26,593247.0,585392.0
2020-11-27,692292.0,588064.7142857143
2020-11-28,600091.0,590083.5714285715
2020-11-29,484801.0,589721.8571428572
2020-11-30,505365.0,585833.0
2020-12-01,624774.0,590260.5714285715
2020-12-02,645157.0,592246.7142857143
2020-12-03,692989.0,606495.5714285715
2020-12-04,689699.0,606125.1428571428
2020-12-05,647084.0,612838.4285714285
2020-12-06,537254.0,620331.7142857143
2020-12-07,526616.0,623367.5714285715
2020-12-08,645303.0,626300.2857142857
2020-12-09,672300.0,630177.8571428572
2020-12-10,682570.0,628689.4285714285
2020-12-11,705858.0,630997.8571428572
2020-12-12,643643.0,630506.2857142857
2020-12-13,534057.0,630049.5714285715
2020-12-14,540975.0,632100.8571428572
2020-12-15,667066.0,635209.8571428572
2020-12-16,723126.0,642470.7142857143
2020-12-17,742336.0,651008.7142857143
2020-12-18,721757.0,653280.0
2020-12-19,626407.0,650817.7142857143
2020-12-20,531646.0,650473.2857142857
2020-12-21,548608.0,651563.7142857143
2020-12-22,668408.0,651755.4285714285
2020-12-23,691667.0,647261.2857142857
2020-12-24,689553.0,639720.8571428572
2020-12-25,495812.0,607443.0
2020-12-26,505850.0,590220.5714285715
2020-12-27,411579.0,573068.1428571428
2020-12-28,501629.0,566356.8571428572
2020-12-29,676916.0,567572.2857142857
2020-12-30,735279.0,573802.5714285715
2020-12-31,830810.0,593982.1428571428
2021-01-01,580823.0,606126.5714285715
2021-01-02,579032.0,616581.1428571428
2021-01-03,520221.0,632101.4285714285
2021-01-04,558935.0,640288.0
2021-01-05,748027.0,650446.7142857143
2021-01-06,796522.0,659195.7142857143
2021-01-07,889782.0,667620.2857142857
2021-01-08,823966.0,702355.0
2021-01-09,755994.0,727635.2857142857
2021-01-10,585879.0,737015.0
2021-01-11,613139.0,744758.4285714285
2021-01-12,706226.0,738786.8571428572
2021-01-13,749982.0,732138.2857142857
2021-01-14,757356.0,713220.2857142857
2021-01-15,770718.0,705613.4285714285
2021-01-16,653883.0,691026.1428571428
2021-01-17,525351.0,682379.2857142857
2021-01-18,518634.0,668878.5714285715
2021-01-19,594094.0,652859.7142857143
2021-01-20,699983.0,645717.0
2021-01-21,657179.0,631406.0
2021-01-22,662696.0,615974.2857142857
2021-01-23,573434.0,604481.5714285715
2021-01-24,459881.0,595128.7142857143
2021-01-25,481021.0,589755.4285714285
2021-01-26,564468.0,585523.1428571428
2021-01-27,603799.0,571782.5714285715
2021-01-28,612364.0,565380.4285714285
2021-01-29,588361.0,554761.1428571428
2021-01-30,520500.0,547199.1428571428
2021-01-31,386226.0,536677.0
2021-02-01,443536.0,531322.0
2021-02-02,466717.0,517357.5714285714
2021-02-03,528308.0,506573.14285714284
2021-02-04,470843.0,486355.85714285716
2021-02-05,534899.0,478718.4285714286
2021-02-06,433948.0,466353.85714285716
2021-02-07,349872.0,461160.4285714286
2021-02-08,339508.0,446299.28571428574
2021-02-09,409312.0,438098.5714285714
2021-02-10,441385.0,425681.0
2021-02-11,444590.0,421930.5714285714
2021-02-12,430072.0,406955.28571428574
2021-02-13,378888.0,399089.5714285714
2021-02-14,307528.0,393040.4285714286
2021-02-15,280823.0,384656.85714285716
2021-02-16,361511.0,377828.14285714284
2021-02-17,388524.0,370276.5714285714
2021-02-18,410929.0,365467.85714285716
2021-02-19,409912.0,362587.85714285716
2021-02-20,373664.0,361841.5714285714
2021-02-21,317676.0,363291.28571428574
2021-02-22,295218.0,365347.71428571426
2021-02-23,395172.0,370156.4285714286
2021-02-24,447822.0,378627.5714285714
2021-02-25,452753.0,384602.4285714286
2021-02-26,441522.0,389118.14285714284
2021-02-27,395790.0,392279.0
2021-02-28,307034.0,390758.71428571426
2021-03-01,305527.0,392231.4285714286
2021-03-02,390462.0,391558.5714285714
2021-03-03,444003.0,391013.0
2021-03-04,458289.0,391803.85714285716
2021-03-05,449043.0,392878.28571428574
2021-03-06,413226.0,395369.14285714284
2021-03-07,372310.0,404694.28571428574
2021-03-08,304497.0,404547.14285714284
2021-03-09,416805.0,408310.4285714286
2021-03-10,470909.0,412154.14285714284
2021-03-11,480726.0,415359.4285714286
2021-03-12,489730.0,421171.85714285716
2021-03-13,454105.0,427011.71428571426
2021-03-14,363378.0,425735.71428571426
2021-03-15,352764.0,432631.0
2021-03-16,470828.0,440348.5714285714
2021-03-17,550061.0,451656.0
2021-03-18,548158.0,461289.14285714284
2021-03-19,561897.0,471598.71428571426
2021-03-20,496901.0,477712.4285714286
2021-03-21,435910.0,488074.14285714284
2021-03-22,422554.0,498044.14285714284
2021-03-23,520575.0,505150.85714285716
2021-03-24,639661.0,517950.85714285716
2021-03-25,650981.0,532639.8571428572
2021-03-26,639805.0,543769.5714285715
2021-03-27,582297.0,555969.0
2021-03-28,476504.0,561768.1428571428
2021-03-29,459193.0,567002.2857142857
2021-03-30,575700.0,574877.2857142857
2021-03-31,682852.0,581047.4285714285
2021-04-01,708419.0,589252.8571428572
2021-04-02,638885.0,589121.4285714285
2021-04-03,526503.0,581150.8571428572
2021-04-04,557417.0,592709.8571428572
2021-04-05,492448.0,597460.5714285715
2021-04-06,607365.0,601984.1428571428
2021-04-07,684964.0,602285.8571428572
2021-04-08,842537.0,621445.5714285715
2021-04-09,750712.0,637420.8571428572
2021-04-10,666172.0,657373.5714285715
2021-04-11,693334.0,676790.2857142857
2021-04-12,611760.0,693834.8571428572
2021-04-13,782984.0,718923.2857142857
2021-04-14,822026.0,738503.5714285715
2021-04-15,816117.0,734729.2857142857
2021-04-16,858219.0,750087.4285714285
2021-04-17,790293.0,767819.0
2021-04-18,681867.0,766180.8571428572
2021-04-19,689717.0,777317.5714285715
2021-04-20,861556.0,788542.1428571428
2021-04-21,888682.0,798064.4285714285
2021-04-22,902090.0,810346.2857142857
2021-04-23,902275.0,816640.0
2021-04-24,815688.0,820267.8571428572
2021-04-25,725267.0,826467.8571428572
2021-04-26,681728.0,825326.5714285715
2021-04-27,854460.0,824312.8571428572
2021-04-28,904663.0,826595.8571428572
2021-04-29,894462.0,825506.1428571428
2021-04-30,881765.0,822576.1428571428
2021-05-01,794641.0,819569.4285714285
2021-05-02,679658.0,813053.8571428572
2021-05-03,685412.0,813580.1428571428
2021-05-04,802197.0,806114.0
2021-05-05,846815.0,797850.0
2021-05-06,868555.0,794149.0
2021-05-07,831601.0,786982.7142857143
2021-05-08,786434.0,785810.2857142857
2021-05-09,636638.0,779664.5714285715
2021-05-10,625224.0,771066.2857142857
2021-05-11,739750.0,762145.2857142857
2021-05-12,759601.0,749686.1428571428
2021-05-13,731522.0,730110.0
2021-05-14,708949.0,712588.2857142857
2021-05-15,631310.0,690427.7142857143
2021-05-16,545137.0,677356.1428571428
2021-05-17,542950.0,665602.7142857143
2021-05-18,625478.0,649278.1428571428
2021-05-19,673672.0,637002.5714285715
2021-05-20,629385.0,622411.5714285715
2021-05-21,625779.0,610530.1428571428
2021-05-22,572001.0,602057.4285714285
2021-05-23,479431.0,592670.8571428572
2021-05-24,450272.0,579431.1428571428
2021-05-25,534991.0,566504.4285714285
2021-05-26,570452.0,551758.7142857143
2021-05-27,547787.0,540101.8571428572
2021-05-28,504382.0,522759.4285714286
2021-05-29,479661.0,509568.0
2021-05-30,389279.0,496689.14285714284
2021-05-31,387039.0,487655.85714285716
2021-06-01,461140.0,477105.71428571426
2021-06-02,487832.0,465302.85714285716
2021-06-03,479820.0,455593.28571428574
2021-06-04,425064.0,444262.14285714284
2021-06-05,396879.0,432436.14285714284
2021-06-06,322743.0,422931.0
2021-06-07,321987.0,413637.85714285716
2021-06-08,371832.0,400879.5714285714
2021-06-09,418545.0,390981.4285714286
2021-06-10,453051.0,387157.28571428574
2021-06-11,422290.0,386761.0
2021-06-12,368177.0,382660.71428571426
2021-06-13,302496.0,379768.28571428574
2021-06-14,309733.0,378017.71428571426
2021-06-15,375420.0,378530.28571428574
2021-06-16,388918.0,374297.85714285716
2021-06-17,395852.0,366126.5714285714
2021-06-18,403270.0,363409.4285714286
2021-06-19,348320.0,360572.71428571426
2021-06-20,303115.0,360661.14285714284
2021-06-21,296710.0,358800.71428571426
2021-06-22,410532.0,363816.71428571426
2021-06-23,397160.0,364994.14285714284
2021-06-24,408822.0,366847.0
2021-06-25,417955.0,368944.85714285716
2021-06-26,363074.0,371052.5714285714
2021-06-27,310822.0,372153.5714285714
2021-06-28,333214.0,377368.4285714286
2021-06-29,381555.0,373228.85714285716
2021-06-30,399440.0,373554.5714285714
2021-07-01,435534.0,377370.5714285714
2021-07-02,442410.0,380864.14285714284
2021-07-03,374310.0,382469.28571428574
2021-07-04,328053.0,384930.85714285716
2021-07-05,376852.0,391164.85714285716
2021-07-06,450854.0,401064.71428571426
2021-07-07,465007.0,410431.4285714286
2021-07-08,481755.0,417034.4285714286
2021-07-09,513792.0,427231.85714285716
2021-07-10,421909.0,434031.71428571426
2021-07-11,370372.0,440077.28571428574
2021-07-12,432432.0,448017.28571428574
2021-07-13,526348.0,458802.14285714284
2021-07-14,538014.0,469231.71428571426
2021-07-15,576246.0,482730.4285714286
2021-07-16,596101.0,494488.85714285716
2021-07-17,490219.0,504247.4285714286
2021-07-18,420977.0,511476.71428571426
2021-07-19,486641.0,519220.85714285716
2021-07-20,533006.0,520172.0
2021-07-21,555201.0,522627.28571428574
2021-07-22,565351.0,521070.85714285716
2021-07-23,727991.0,539912.2857142857
2021-07-24,492111.0,540182.5714285715
2021-07-25,446009.0,543758.5714285715
2021-07-26,538544.0,551173.2857142857
2021-07-27,607153.0,561765.7142857143
2021-07-28,650287.0,575349.4285714285
2021-07-29,642647.0,586391.7142857143
2021-07-30,732682.0,587061.8571428572
2021-07-31,518305.0,590803.8571428572
2021-08-01,483584.0,596171.7142857143
2021-08-02,567969.0,600375.2857142857
2021-08-03,635300.0,604396.2857142857
2021-08-04,680367.0,608693.4285714285
2021-08-05,685211.0,614774.0
2021-08-06,819532.0,627181.1428571428
2021-08-07,563092.0,633579.2857142857
2021-08-08,468997.0,631495.4285714285
2021-08-09,614972.0,638210.1428571428
2021-08-10,646573.0,639820.5714285715
2021-08-11,731106.0,647069.0
2021-08-12,705741.0,650001.8571428572
2021-08-13,801939.0,647488.5714285715
2021-08-14,556433.0,646537.2857142857
2021-08-15,469193.0,646565.2857142857
2021-08-16,656145.0,652447.1428571428
2021-08-17,683656.0,657744.7142857143
2021-08-18,736627.0,658533.4285714285
2021-08-19,711781.0,659396.2857142857
2021-08-20,784974.0,656972.7142857143
2021-08-21,564452.0,658118.2857142857
2021-08-22,452638.0,655753.2857142857
2021-08-23,672543.0,658095.8571428572
2021-08-24,687517.0,658647.4285714285
2021-08-25,738926.0,658975.8571428572
2021-08-26,735360.0,662344.2857142857
2021-08-27,741406.0,656120.2857142857
2021-08-28,564429.0,656117.0
2021-08-29,452184.0,656052.1428571428
2021-08-30,656093.0,653702.1428571428
2021-08-31,634159.0,646079.5714285715
2021-09-01,719917.0,643364.0
2021-09-02,678301.0,635212.7142857143
2021-09-03,712695.0,631111.1428571428
2021-09-04,504440.0,622541.2857142857
2021-09-05,453725.0,622761.4285714285
2021-09-06,461110.0,594906.7142857143
2021-09-07,668187.0,599767.8571428572
2021-09-08,628607.0,586723.5714285715
2021-09-09,648170.0,582419.1428571428
2021-09-10,649550.0,573398.4285714285
2021-09-11,475747.0,569299.4285714285
2021-09-12,376530.0,558271.5714285715
2021-09-13,562695.0,572783.7142857143
2021-09-14,552693.0,556284.5714285715
2021-09-15,569333.0,547816.8571428572
2021-09-16,586037.0,538940.7142857143
2021-09-17,622303.0,535048.2857142857
2021-09-18,404668.0,524894.1428571428
2021-09-19,367287.0,523573.71428571426
2021-09-20,517454.0,517110.71428571426
2021-09-21,491937.0,508431.28571428574
2021-09-22,535205.0,503555.85714285716
2021-09-23,547310.0,498023.4285714286
2021-09-24,548482.0,487477.5714285714
2021-09-25,379686.0,483908.71428571426
2021-09-26,359435.0,482787.0
2021-09-27,470872.0,476132.4285714286
2021-09-28,454768.0,470822.5714285714
2021-09-29,491149.0,464528.85714285716
2021-09-30,488343.0,456105.0
2021-10-01,521298.0,452221.5714285714
2021-10-02,355541.0,448772.28571428574
2021-10-03,313067.0,442148.28571428574
2021-10-04,435373.0,437077.0
2021-10-05,425691.0,432923.14285714284
2021-10-06,507600.0,435273.28571428574
2021-10-07,461254.0,431403.4285714286
2021-10-08,475542.0,424866.85714285716
2021-10-09,345727.0,423464.85714285716
2021-10-10,320704.0,424555.85714285716
2021-10-11,375946.0,416066.28571428574
2021-10-12,441477.0,418321.4285714286
2021-10-13,457548.0,411171.14285714284
2021-10-14,453848.0,410113.14285714284
2021-10-15,458980.0,407747.14285714284
2021-10-16,348542.0,408149.28571428574
2021-10-17,318223.0,407794.85714285716
2021-10-18,412160.0,412968.28571428574
2021-10-19,447921.0,413888.85714285716
2021-10-20,478028.0,416814.5714285714
2021-10-21,463773.0,418232.4285714286
2021-10-22,488449.0,422442.28571428574
2021-10-23,372413.0,425852.4285714286
2021-10-24,316985.0,425675.5714285714
2021-10-25,428592.0,428023.0
2021-10-26,447128.0,427909.71428571426
2021-10-27,520243.0,433940.4285714286
2021-10-28,463348.0,433879.71428571426
2021-10-29,508940.0,436807.0
2021-10-30,389969.0,439315.0
2021-10-31,346777.0,443571.0
2021-11-01,422277.0,442668.85714285716
2021-11-02,423994.0,439364.0
2021-11-03,538564.0,441981.28571428574
2021-11-04,523605.0,450589.4285714286
2021-11-05,520868.0,452293.4285714286
2021-11-06,427608.0,457670.4285714286
2021-11-07,350002.0,458131.14285714284
2021-11-08,478635.0,466182.28571428574
2021-11-09,486858.0,475162.85714285716
2021-11-10,588587.0,482309.0
2021-11-11,520065.0,481803.28571428574
2021-11-12,594460.0,492316.4285714286
2021-11-13,430557.0,492737.71428571426
2021-11-14,364192.0,494764.85714285716
2021-11-15,537227.0,503135.14285714284
2021-11-16,527174.0,508894.5714285714
2021-11-17,634304.0,515425.5714285714
2021-11-18,615095.0,529001.2857142857
2021-11-19,620421.0,532710.0
2021-11-20,481851.0,540037.7142857143
2021-11-21,404148.0,545745.7142857143
2021-11-22,618346.0,557334.1428571428
2021-11-23,595706.0,567124.4285714285
2021-11-24,672998.0,572652.1428571428
2021-11-25,597546.0,570145.1428571428
2021-11-26,599248.0,567120.4285714285
2021-11-27,461460.0,564207.4285714285
2021-11-28,409426.0,564961.4285714285
2021-11-29,651572.0,569708.0
2021-11-30,623283.0,573647.5714285715
2021-12-01,713171.0,579386.5714285715
2021-12-02,706133.0,594899.0
2021-12-03,717278.0,611760.4285714285
2021-12-04,514454.0,619331.0
2021-12-05,440277.0,623738.2857142857
2021-12-06,589054.0,614807.1428571428
2021-12-07,697453.0,625402.8571428572
2021-12-08,671001.0,619378.5714285715
2021-12-09,729702.0,622745.5714285715
2021-12-10,685540.0,618211.5714285715
2021-12-11,500026.0,616150.4285714285
2021-12-12,440218.0,616142.0
2021-12-13,623958.0,621128.2857142857
2021-12-14,659689.0,615733.4285714285
2021-12-15,745021.0,626307.7142857143
2021-12-16,737479.0,627418.7142857143
2021-12-17,732324.0,634102.1428571428
2021-12-18,583004.0,645956.1428571428
2021-12-19,483182.0,652093.8571428572
2021-12-20,741872.0,668938.7142857143
2021-12-21,797952.0,688690.5714285715
2021-12-22,909203.0,712145.1428571428
2021-12-23,996212.0,749107.0
2021-12-24,860687.0,767444.5714285715
2021-12-25,697229.0,783762.4285714285
2021-12-26,580076.0,797604.4285714285
2021-12-27,1272371.0,873390.0
2021-12-28,1336031.0,950258.4285714285
2021-12-29,1726736.0,1067048.857142857
2021-12-30,1941673.0,1202114.7142857143
2021-12-31,1726326.0,1325777.4285714286
2022-01-01,1202365.0,1397939.7142857143
2022-01-02,919419.0,1446417.2857142857
2022-01-03,2390536.0,1606155.142857143
2022-01-04,2531015.0,1776867.142857143
2022-01-05,2582449.0,1899111.857142857
2022-01-06,2652420.0,2000647.142857143
2022-01-07,2940089.0,2174041.8571428573
2022-01-08,2154967.0,2310127.8571428573
2022-01-09,2021130.0,2467515.1428571427
2022-01-10,3178498.0,2580081.1428571427
2022-01-11,3105588.0,2662163.0
2022-01-12,3459168.0,2787408.5714285714
2022-01-13,3190843.0,2864326.1428571427
2022-01-14,3300556.0,2915821.4285714286
2022-01-15,2463774.0,2959936.714285714
2022-01-16,2158259.0,2979526.5714285714
2022-01-17,2708216.0,2912343.4285714286
2022-01-18,3804340.0,3012165.1428571427
2022-01-19,4115804.0,3105970.285714286
2022-01-20,3712921.0,3180552.8571428573
2022-01-21,3828937.0,3256035.8571428573
2022-01-22,2736030.0,3294929.5714285714
2022-01-23,2426781.0,3333289.8571428573
2022-01-24,3492687.0,3445357.1428571427
2022-01-25,3705161.0,3431188.714285714
2022-01-26,3727326.0,3375691.8571428573
2022-01-27,3713827.0,3375821.285714286
2022-01-28,3614262.0,3345153.4285714286
2022-01-29,2665513.0,3335079.5714285714
2022-01-30,2268776.0,3312507.4285714286
2022-01-31,2767583.0,3208921.1428571427
2022-02-01,3209641.0,3138132.5714285714
2022-02-02,3218130.0,3065390.285714286
2022-02-03,3185356.0,2989894.4285714286
2022-02-04,2910512.0,2889358.714285714
2022-02-05,2209173.0,2824167.285714286
2022-02-06,1821161.0,2760222.285714286
2022-02-07,2551817.0,2729398.5714285714
2022-02-08,2836336.0,2676069.285714286
2022-02-09,2457332.0,2567383.8571428573
2022-02-10,2768196.0,2507789.5714285714
2022-02-11,2387812.0,2433118.1428571427
2022-02-12,1826330.0,2378426.285714286
2022-02-13,1454941.0,2326109.1428571427
2022-02-14,1797712.0,2218379.8571428573
2022-02-15,1789107.0,2068775.7142857143
2022-02-16,2421955.0,2063721.857142857
2022-02-17,2036591.0,1959206.857142857
2022-02-18,1942021.0,1895522.4285714286
2022-02-19,1552843.0,1856452.857142857
2022-02-20,1269001.0,1829890.0
2022-02-21,1460181.0,1781671.2857142857
2022-02-22,1807508.0,1784300.0
2022-02-23,1943657.0,1715971.7142857143
2022-02-24,1757983.0,1676170.5714285714
2022-02-25,1593969.0,1626448.857142857
2022-02-26,1329725.0,1594574.857142857
2022-02-27,1064786.0,1565401.2857142857
2022-02-28,1405851.0,1557639.857142857
2022-03-01,1540514.0,1519497.857142857
2022-03-02,1653244.0,1478010.2857142857
2022-03-03,1882290.0,1495768.4285714286
2022-03-04,1699470.0,1510840.0
2022-03-05,1363321.0,1515639.4285714286
2022-03-06,1153241.0,1528275.857142857
2022-03-07,1498717.0,1541542.4285714286
2022-03-08,1844922.0,1585029.2857142857
2022-03-09,1881823.0,1617683.4285714286
2022-03-10,1817503.0,1608428.142857143
2022-03-11,0.0,1365646.7142857143
